<?xml version="1.0" encoding="UTF-8" standalone="no"?>
<!DOCTYPE ViewObject SYSTEM "jbo_03_01.dtd">
<ViewObject xmlns="http://xmlns.oracle.com/bc4j" BindingStyle="OracleName" ComponentClass="model.xxnuc.oracle.apps.inv.hello.schema.server.EOAViewImpl" CustomQuery="true" InheritPersonalization="merge" IsEffectiveDated="false" IsFinderView="false" IsLibraryPrivate="false" LBThrowOnMisMatch="false" Name="EOAView" PageIterMode="Full" Passivate="NoTransient" RowClass="oracle.jbo.server.ViewRowImpl" SdoGen="false" SelectAllAttributes="false" UseGlueCode="true" Version="12.1.3.10.47" ViewLinkAccessorRetained="false">    <DesignTime>    <Attr Name="_codeGenFlag2" Value="Access|Def|Coll|Prog|VarAccess"/>    <Attr Name="_isExpertMode" Value="true"/>    <Attr Name="_isCodegen" Value="true"/>  </DesignTime>  <ResourceBundle>
    <PropertiesBundle PropertiesFile="model.ModelBundle"/>
  </ResourceBundle>
<EntityUsage DeleteParticipant="true" EffectiveDatedUsage="NoOverride" EntireObjectTable="false" Entity="model.xxnuc.oracle.apps.inv.hello.schema.server.EOA" Name="EOA" ReadOnly="false" Reference="false">
      
   </EntityUsage>
<ViewAttribute AliasName="COL1" AttrLoad="Each" DiscrColumn="false" EntityAttrName="Col1" EntityUsage="EOA" IsNotNull="true" IsPersistent="true" IsQueriable="true" IsSelected="true" IsSessionScope="false" IsUnique="false" IsUpdateable="true" IsVisible="true" Name="Col1" Passivate="false" Precision="0" PrecisionRule="false" Scale="-127">
   </ViewAttribute>
<ViewAttribute AliasName="COL2" AttrLoad="Each" DiscrColumn="false" EntityAttrName="Col2" EntityUsage="EOA" IsNotNull="false" IsPersistent="true" IsQueriable="true" IsSelected="true" IsSessionScope="false" IsUnique="true" IsUpdateable="true" IsVisible="true" Name="Col2" Passivate="false" Precision="0" PrecisionRule="false" Scale="-127">
   </ViewAttribute>
<ViewAttribute AliasName="CREATED_BY" AttrLoad="Each" DiscrColumn="false" EntityAttrName="CreatedBy" EntityUsage="EOA" IsNotNull="false" IsPersistent="true" IsQueriable="true" IsSelected="true" IsSessionScope="false" IsUnique="false" IsUpdateable="true" IsVisible="true" Name="CreatedBy" Passivate="false" Precision="0" PrecisionRule="false" Scale="-127">
   </ViewAttribute>
<ViewAttribute AliasName="CREATION_DATE" AttrLoad="Each" DiscrColumn="false" EntityAttrName="CreationDate" EntityUsage="EOA" IsNotNull="false" IsPersistent="true" IsQueriable="true" IsSelected="true" IsSessionScope="false" IsUnique="false" IsUpdateable="true" IsVisible="true" Name="CreationDate" Passivate="false" Precision="0" PrecisionRule="false" Scale="-127">
   </ViewAttribute>
<ViewAttribute AliasName="LAST_UPDATED_BY" AttrLoad="Each" DiscrColumn="false" EntityAttrName="LastUpdatedBy" EntityUsage="EOA" IsNotNull="false" IsPersistent="true" IsQueriable="true" IsSelected="true" IsSessionScope="false" IsUnique="false" IsUpdateable="true" IsVisible="true" Name="LastUpdatedBy" Passivate="false" Precision="0" PrecisionRule="false" Scale="-127">
   </ViewAttribute>
<ViewAttribute AliasName="LAST_UPDATE_DATE" AttrLoad="Each" DiscrColumn="false" EntityAttrName="LastUpdateDate" EntityUsage="EOA" IsNotNull="false" IsPersistent="true" IsQueriable="true" IsSelected="true" IsSessionScope="false" IsUnique="false" IsUpdateable="true" IsVisible="true" Name="LastUpdateDate" Passivate="false" Precision="0" PrecisionRule="false" Scale="-127">
   </ViewAttribute>
<ViewAttribute AliasName="LAST_UPDATE_LOGIN" AttrLoad="Each" DiscrColumn="false" EntityAttrName="LastUpdateLogin" EntityUsage="EOA" IsNotNull="false" IsPersistent="true" IsQueriable="true" IsSelected="true" IsSessionScope="false" IsUnique="false" IsUpdateable="true" IsVisible="true" Name="LastUpdateLogin" Passivate="false" Precision="0" PrecisionRule="false" Scale="-127">
   </ViewAttribute>
<Properties>
<SchemaBasedProperties>
<LABEL ResId="model.xxnuc.oracle.apps.inv.hello.schema.server.EOAView_LABEL"/>
</SchemaBasedProperties>
</Properties>
</ViewObject>
