<?xml version="1.0" encoding="UTF-8" standalone="no"?>
<!DOCTYPE Entity SYSTEM "jbo_03_01.dtd">
<Entity xmlns="http://xmlns.oracle.com/bc4j" AliasName="EOB" AssociationAccessorRetained="false" BindingStyle="OracleName" CollClass="model.xxnuc.oracle.apps.inv.hello.schema.server.EOBCollImpl" DBObjectName="TABLE2" DBObjectType="table" DefClass="model.xxnuc.oracle.apps.inv.hello.schema.server.EOBDefImpl" EffectiveDateType="None" HasDataSecurity="false" InheritPersonalization="merge" IsLibraryPrivate="false" IsPersistent="true" IsRefPKBased="false" IsUpdatable="true" Name="EOB" RowClass="model.xxnuc.oracle.apps.inv.hello.schema.server.EOBImpl" UpdateChangedColumns="true" UseGlueCode="true" Version="12.1.3.10.47">  <DesignTime>    <Attr Name="_isCodegen" Value="true"/>  <Attr Name="_codeGenFlag2" Value="Init|Delete|Access|DML|Def|Coll|Val|VarAccess"/>
</DesignTime>  <Attribute AttrLoad="Each" ChangeIndicator="false" ColumnName="COL1" ColumnType="NUMBER" DiscrColumn="false" HistoryColumn="NonHistory" IsEffectiveEndDate="false" IsEffectiveStartDate="false" IsNotNull="false" IsPersistent="true" IsQueriable="true" IsSelected="true" IsSessionScope="false" IsUnique="false" IsUpdateable="true" IsVisible="true" Name="Col1" Precision="0" PrecisionRule="true" PrimaryKey="true" RetrievedOnInsert="false" RetrievedOnUpdate="false" SQLType="NUMERIC" Scale="-127" TableName="TABLE2" Type="oracle.jbo.domain.Number">
      <DesignTime>
         <Attr Name="_DisplaySize" Value="22"/>
      </DesignTime>
   </Attribute>
<Attribute AttrLoad="Each" ChangeIndicator="false" ColumnName="COL2" ColumnType="NUMBER" DiscrColumn="false" HistoryColumn="NonHistory" IsEffectiveEndDate="false" IsEffectiveStartDate="false" IsNotNull="false" IsPersistent="true" IsQueriable="true" IsSelected="true" IsSessionScope="false" IsUnique="false" IsUpdateable="true" IsVisible="true" Name="Col2" Precision="0" PrecisionRule="true" PrimaryKey="false" RetrievedOnInsert="false" RetrievedOnUpdate="false" SQLType="NUMERIC" Scale="-127" TableName="TABLE2" Type="oracle.jbo.domain.Number">
      <DesignTime>
         <Attr Name="_DisplaySize" Value="22"/>
      </DesignTime>
   </Attribute>
<Attribute AttrLoad="Each" ChangeIndicator="false" ColumnName="CREATED_BY" ColumnType="NUMBER" DiscrColumn="false" HistoryColumn="NonHistory" IsEffectiveEndDate="false" IsEffectiveStartDate="false" IsNotNull="false" IsPersistent="true" IsQueriable="true" IsSelected="true" IsSessionScope="false" IsUnique="false" IsUpdateable="true" IsVisible="true" Name="CreatedBy" Precision="0" PrecisionRule="true" PrimaryKey="false" RetrievedOnInsert="false" RetrievedOnUpdate="false" SQLType="NUMERIC" Scale="-127" TableName="TABLE2" Type="oracle.jbo.domain.Number">
      <DesignTime>
         <Attr Name="_DisplaySize" Value="22"/>
      </DesignTime>
   </Attribute>
<Attribute AttrLoad="Each" ChangeIndicator="false" ColumnName="CREATION_DATE" ColumnType="DATE" DiscrColumn="false" HistoryColumn="NonHistory" IsEffectiveEndDate="false" IsEffectiveStartDate="false" IsNotNull="false" IsPersistent="true" IsQueriable="true" IsSelected="true" IsSessionScope="false" IsUnique="false" IsUpdateable="true" IsVisible="true" Name="CreationDate" Precision="0" PrecisionRule="true" PrimaryKey="false" RetrievedOnInsert="false" RetrievedOnUpdate="false" SQLType="TIMESTAMP" Scale="-127" TableName="TABLE2" Type="oracle.jbo.domain.Date">
      <DesignTime>
         <Attr Name="_DisplaySize" Value="7"/>
      </DesignTime>
   </Attribute>
<Attribute AttrLoad="Each" ChangeIndicator="false" ColumnName="LAST_UPDATED_BY" ColumnType="NUMBER" DiscrColumn="false" HistoryColumn="NonHistory" IsEffectiveEndDate="false" IsEffectiveStartDate="false" IsNotNull="false" IsPersistent="true" IsQueriable="true" IsSelected="true" IsSessionScope="false" IsUnique="false" IsUpdateable="true" IsVisible="true" Name="LastUpdatedBy" Precision="0" PrecisionRule="true" PrimaryKey="false" RetrievedOnInsert="false" RetrievedOnUpdate="false" SQLType="NUMERIC" Scale="-127" TableName="TABLE2" Type="oracle.jbo.domain.Number">
      <DesignTime>
         <Attr Name="_DisplaySize" Value="22"/>
      </DesignTime>
   </Attribute>
<Attribute AttrLoad="Each" ChangeIndicator="false" ColumnName="LAST_UPDATE_DATE" ColumnType="DATE" DiscrColumn="false" HistoryColumn="NonHistory" IsEffectiveEndDate="false" IsEffectiveStartDate="false" IsNotNull="false" IsPersistent="true" IsQueriable="true" IsSelected="true" IsSessionScope="false" IsUnique="false" IsUpdateable="true" IsVisible="true" Name="LastUpdateDate" Precision="0" PrecisionRule="true" PrimaryKey="false" RetrievedOnInsert="false" RetrievedOnUpdate="false" SQLType="TIMESTAMP" Scale="-127" TableName="TABLE2" Type="oracle.jbo.domain.Date">
      <DesignTime>
         <Attr Name="_DisplaySize" Value="7"/>
      </DesignTime>
   </Attribute>
<Attribute AttrLoad="Each" ChangeIndicator="false" ColumnName="LAST_UPDATE_LOGIN" ColumnType="NUMBER" DiscrColumn="false" HistoryColumn="NonHistory" IsEffectiveEndDate="false" IsEffectiveStartDate="false" IsNotNull="false" IsPersistent="true" IsQueriable="true" IsSelected="true" IsSessionScope="false" IsUnique="false" IsUpdateable="true" IsVisible="true" Name="LastUpdateLogin" Precision="0" PrecisionRule="true" PrimaryKey="false" RetrievedOnInsert="false" RetrievedOnUpdate="false" SQLType="NUMERIC" Scale="-127" TableName="TABLE2" Type="oracle.jbo.domain.Number">
      <DesignTime>
         <Attr Name="_DisplaySize" Value="22"/>
      </DesignTime>
   </Attribute>
<AccessorAttribute Association="model.xxnuc.oracle.apps.inv.hello.schema.server.AOAB" AssociationEnd="model.xxnuc.oracle.apps.inv.hello.schema.server.AOAB.EOA" AssociationOtherEnd="model.xxnuc.oracle.apps.inv.hello.schema.server.AOAB.EOB" IsUpdateable="true" Name="EOA" Type="model.xxnuc.oracle.apps.inv.hello.schema.server.EOAImpl">
   </AccessorAttribute>
<Key AltKey="false" Name="EobPrimaryKey" PrimaryKey="false">
      <AttrArray Name="Attributes">
         <Item Value="model.xxnuc.oracle.apps.inv.hello.schema.server.EOB.Col1"/>
      </AttrArray>
      <DesignTime>
         <Attr Name="_isPrimary" Value="true"/>
         <Attr Name="_DBObjectName" Value="EOB_PRIMARY_KEY"/>
      </DesignTime>
   </Key>
<Key AltKey="false" Name="Table2fk" PrimaryKey="false">
      <AttrArray Name="Attributes">
         <Item Value="model.xxnuc.oracle.apps.inv.hello.schema.server.EOB.Col2"/>
      </AttrArray>
      <DesignTime>
         <Attr Name="_referencedKey" Value="TABLE1PK"/>
         <Attr Name="_isForeign" Value="true"/>
         <Attr Name="_DBObjectName" Value="TABLE2FK"/>
      </DesignTime>
   </Key>
</Entity>
