<?xml version="1.0" encoding="UTF-8" standalone="no"?>
<!DOCTYPE AppModule SYSTEM "jbo_03_01.dtd">
<AppModule
    xmlns="http://xmlns.oracle.com/bc4j"
    ClearCacheOnCommit="false"
    ClearCacheOnRollback="true"
    ComponentClass="model.xxnuc.oracle.apps.inv.hello.server.HelloAMImpl"
    ComponentInterface="model.xxnuc.oracle.apps.inv.hello.server.common.HelloAM"
    DefClass="model.xxnuc.oracle.apps.inv.hello.server.HelloAMDefImpl"
    InheritPersonalization="merge"
    IsLibraryPrivate="false"
    Name="HelloAM"
    RequeryOnCommit="false"
    Version="12.1.3.10.47">
    <DesignTime>
        <Attr Name="_isCodegen" Value="true"/>
        <Attr Name="_isDefCodegen" Value="true"/>
    </DesignTime>
    <ResourceBundle>
        <PropertiesBundle
            PropertiesFile="model.ModelBundle"/>
    </ResourceBundle>
    <Properties>
        <SchemaBasedProperties>
            <LABEL
                ResId="model.HelloAM_LABEL"/>
        </SchemaBasedProperties>
    </Properties>
    <ViewUsage
        Hidden="false"
        Name="EOAView1"
        ViewObjectName="model.xxnuc.oracle.apps.inv.hello.schema.server.EOAView"></ViewUsage>
    <ViewUsage
        Hidden="false"
        Name="EOBView1"
        ViewObjectName="model.xxnuc.oracle.apps.inv.hello.schema.server.EOBView"></ViewUsage>
    <AppModuleUsage
        FullName="model.xxnuc.oracle.apps.inv.hello.server.HelloSubAM"
        Hidden="false"
        Name="HelloSubAM1"
        SharedScope="0"></AppModuleUsage>
</AppModule>
