<?xml version="1.0" encoding="UTF-8" standalone="no"?>
<!DOCTYPE ViewLink SYSTEM "jbo_03_01.dtd">
<ViewLink
    xmlns="http://xmlns.oracle.com/bc4j"
    EntityAssociationReversed="false"
    InheritPersonalization="merge"
    IsLibraryPrivate="false"
    Name="VLAB"
    Version="12.1.3.10.47">
    <ResourceBundle>
        <PropertiesBundle
            PropertiesFile="model.ModelBundle"/>
    </ResourceBundle>
    <ViewLinkDefEnd
        Cardinality="1"
        IsNavigable="false"
        IsPartitionUsingWhereClause="true"
        IsUpdateable="true"
        Name="VOA"
        Owner="model.xxnuc.oracle.apps.inv.hello.server.VOA"
        Source="true">
        <AttrArray Name="Attributes">
            <Item Value="model.xxnuc.oracle.apps.inv.hello.server.VOA.Col1"/>
        </AttrArray>
        <DesignTime>
            <Attr Name="_finderName" Value="VOA"/>
            <Attr Name="_isUpdateable" Value="true"/>
        </DesignTime>
    </ViewLinkDefEnd>
    <ViewLinkDefEnd
        Cardinality="-1"
        IsNavigable="false"
        IsPartitionUsingWhereClause="true"
        IsUpdateable="true"
        Name="VOB"
        Owner="model.xxnuc.oracle.apps.inv.hello.server.VOB"
        Source="false">
        <AttrArray Name="Attributes">
            <Item Value="model.xxnuc.oracle.apps.inv.hello.server.VOB.Col3"/>
        </AttrArray>
        <DesignTime>
            <Attr Name="_finderName" Value="VOB"/>
            <Attr Name="_isUpdateable" Value="true"/>
        </DesignTime>
    </ViewLinkDefEnd>
    <Properties>
        <SchemaBasedProperties>
            <LABEL
                ResId="model.VLAB_LABEL"/>
        </SchemaBasedProperties>
    </Properties>
</ViewLink>
