<?xml version="1.0" encoding="UTF-8" standalone="no"?>
<!DOCTYPE ViewObject SYSTEM "jbo_03_01.dtd">
<ViewObject xmlns="http://xmlns.oracle.com/bc4j" BindingStyle="OracleName" ComponentClass="model.xxnuc.oracle.apps.inv.hello.server.VOAImpl" CustomQuery="true" DefClass="model.xxnuc.oracle.apps.inv.hello.server.VOADefImpl" InheritPersonalization="merge" IsEffectiveDated="false" IsFinderView="false" IsLibraryPrivate="false" LBThrowOnMisMatch="false" Name="VOA" PageIterMode="Full" Passivate="NoTransient" RowClass="model.xxnuc.oracle.apps.inv.hello.server.VOARowImpl" SdoGen="false" SelectAllAttributes="false" UseGlueCode="true" Version="12.1.3.10.47" ViewLinkAccessorRetained="false">    <DesignTime>    <Attr Name="_codeGenFlag2" Value="Access|Def|Coll|Prog|VarAccess"/>    <Attr Name="_isExpertMode" Value="true"/>    <Attr Name="_isCodegen" Value="true"/>  </DesignTime>  <ResourceBundle>
    <PropertiesBundle PropertiesFile="model.ModelBundle"/>
  </ResourceBundle>
<SQLQuery><![CDATA[
select 1 col1, 2 col2 from dual where :pVal = 1
   ]]></SQLQuery>
<ViewAttribute AliasName="COL1" AttrLoad="Each" ColumnType="NUMBER" DiscrColumn="false" Expression="COL1" IsNotNull="false" IsPersistent="false" IsQueriable="true" IsSelected="true" IsSessionScope="false" IsUnique="false" IsUpdateable="true" IsVisible="true" Name="Col1" Passivate="false" Precision="0" PrecisionRule="false" SQLType="NUMERIC" Scale="-127" Type="oracle.jbo.domain.Number">
      <DesignTime>
         <Attr Name="_DisplaySize" Value="22"/>
      </DesignTime>
   </ViewAttribute>
<ViewAttribute AliasName="COL2" AttrLoad="Each" ColumnType="NUMBER" DiscrColumn="false" Expression="COL2" IsNotNull="false" IsPersistent="false" IsQueriable="true" IsSelected="true" IsSessionScope="false" IsUnique="false" IsUpdateable="true" IsVisible="true" Name="Col2" Passivate="false" Precision="0" PrecisionRule="false" SQLType="NUMERIC" Scale="-127" Type="oracle.jbo.domain.Number">
      <DesignTime>
         <Attr Name="_DisplaySize" Value="22"/>
      </DesignTime>
   </ViewAttribute>
<Properties>
<SchemaBasedProperties>
<LABEL ResId="model.xxnuc.oracle.apps.inv.hello.server.VOA_LABEL"/>
</SchemaBasedProperties>
</Properties>
</ViewObject>
