<?xml version="1.0" encoding="UTF-8" standalone="no"?>
<!DOCTYPE ViewObject SYSTEM "jbo_03_01.dtd">
<ViewObject xmlns="http://xmlns.oracle.com/bc4j" BindingStyle="OracleName" ComponentClass="model.xxnuc.oracle.apps.inv.hello.server.VOBImpl" CustomQuery="true" DefClass="model.xxnuc.oracle.apps.inv.hello.server.VOBDefImpl" InheritPersonalization="merge" IsEffectiveDated="false" IsFinderView="false" IsLibraryPrivate="false" LBThrowOnMisMatch="false" Name="VOB" PageIterMode="Full" Passivate="NoTransient" RowClass="model.xxnuc.oracle.apps.inv.hello.server.VOBRowImpl" SdoGen="false" SelectAllAttributes="false" UseGlueCode="true" Version="12.1.3.10.47" ViewLinkAccessorRetained="false">    <DesignTime>    <Attr Name="_codeGenFlag2" Value="Access|Def|Coll|Prog|VarAccess"/>    <Attr Name="_isExpertMode" Value="true"/>    <Attr Name="_isCodegen" Value="true"/>  </DesignTime>  <ResourceBundle>
    <PropertiesBundle PropertiesFile="model.ModelBundle"/>
  </ResourceBundle>
<SQLQuery><![CDATA[
select 3 col3, 4 col4 from dual where 1=:1
   ]]></SQLQuery>
<ViewAttribute AliasName="COL3" AttrLoad="Each" ColumnType="NUMBER" DiscrColumn="false" Expression="COL3" IsNotNull="false" IsPersistent="false" IsQueriable="true" IsSelected="true" IsSessionScope="false" IsUnique="false" IsUpdateable="true" IsVisible="true" Name="Col3" Passivate="false" Precision="0" PrecisionRule="false" SQLType="NUMERIC" Scale="-127" Type="oracle.jbo.domain.Number">
      <DesignTime>
         <Attr Name="_DisplaySize" Value="22"/>
      </DesignTime>
   </ViewAttribute>
<ViewAttribute AliasName="COL4" AttrLoad="Each" ColumnType="NUMBER" DiscrColumn="false" Expression="COL4" IsNotNull="false" IsPersistent="false" IsQueriable="true" IsSelected="true" IsSessionScope="false" IsUnique="false" IsUpdateable="true" IsVisible="true" Name="Col4" Passivate="false" Precision="0" PrecisionRule="false" SQLType="NUMERIC" Scale="-127" Type="oracle.jbo.domain.Number">
      <DesignTime>
         <Attr Name="_DisplaySize" Value="22"/>
      </DesignTime>
   </ViewAttribute>
<Properties>
<SchemaBasedProperties>
<LABEL ResId="model.xxnuc.oracle.apps.inv.hello.server.VOB_LABEL"/>
</SchemaBasedProperties>
</Properties>
</ViewObject>
