<?xml version="1.0" encoding="UTF-8" standalone="no"?>
<!DOCTYPE AppModule SYSTEM "jbo_03_01.dtd">
<AppModule xmlns="http://xmlns.oracle.com/bc4j" ClearCacheOnCommit="false" ClearCacheOnRollback="true" ComponentClass="model.xxnuc.oracle.apps.inv.hello.server.HelloSubAMImpl" ComponentInterface="model.xxnuc.oracle.apps.inv.hello.server.common.HelloSubAM" DefClass="model.xxnuc.oracle.apps.inv.hello.server.HelloSubAMDefImpl" InheritPersonalization="merge" IsLibraryPrivate="false" Name="HelloSubAM" RequeryOnCommit="false" Version="12.1.3.10.47">    <DesignTime>        <Attr Name="_isCodegen" Value="true"/>        <Attr Name="_isDefCodegen" Value="true"/>    </DesignTime> <ResourceBundle>     <PropertiesBundle PropertiesFile="model.ModelBundle"/>    </ResourceBundle>  <Properties>        <SchemaBasedProperties>            <LABEL ResId="model.HelloSubAM_LABEL"/>        </SchemaBasedProperties>    </Properties> <ViewUsage Hidden="false" Name="VOA1" ViewObjectName="model.xxnuc.oracle.apps.inv.hello.server.VOA">
   </ViewUsage>
<ViewUsage Hidden="false" Name="VOB1" ViewObjectName="model.xxnuc.oracle.apps.inv.hello.server.VOB">
   </ViewUsage>
</AppModule>
