<?xml version='1.0' encoding='UTF-8' ?>
<!DOCTYPE JboPackage SYSTEM "jbo_03_01.dtd">

<JboPackage
   Name="server"
   SeparateXMLFiles="true"
   PackageName="xxnuc.oracle.apps.inv.hello.server" >
   <DesignTime>
      <Attr Name="_ejbPackage" Value="false" />
      <Attr Name="_version" Value="10.1.3.43.6" />
   </DesignTime>
   <Containee
      Name="HelloAM"
      FullName="xxnuc.oracle.apps.inv.hello.server.HelloAM"
      ObjectType="AppModule" >
   </Containee>
   <Containee
      Name="HelloSubAM"
      FullName="xxnuc.oracle.apps.inv.hello.server.HelloSubAM"
      ObjectType="AppModule" >
   </Containee>
   <Containee
      Name="VLAB"
      FullName="xxnuc.oracle.apps.inv.hello.server.VLAB"
      ObjectType="ViewLink" >
   </Containee>
   <Containee
      Name="VOA"
      FullName="xxnuc.oracle.apps.inv.hello.server.VOA"
      ObjectType="ViewObject" >
   </Containee>
   <Containee
      Name="VOB"
      FullName="xxnuc.oracle.apps.inv.hello.server.VOB"
      ObjectType="ViewObject" >
   </Containee>
</JboPackage>
