<?xml version="1.0" encoding="UTF-8" standalone="no"?>
<!DOCTYPE Association SYSTEM "jbo_03_01.dtd">
<Association xmlns="http://xmlns.oracle.com/bc4j" InheritPersonalization="merge" IsLibraryPrivate="false" Name="AOAB" Version="12.1.3.10.47">  <DesignTime>    <Attr Name="_isCodegen" Value="true"/>  </DesignTime> <AssociationEnd Cardinality="1" CascadeDelete="false" CascadeUpdate="false" DeleteContainee="false" ExposedAccessor="true" HasOwner="false" IsEffectiveDated="false" Name="EOA" Owner="model.EOA" Source="true" SuppressEvent="false" UpdateHistoryColumn="false">
      <AttrArray Name="Attributes">
         <Item Value="model.EOA.Col1"/>
      </AttrArray>
      <DesignTime>
         <Attr Name="_finderName" Value="EOA"/>
         <Attr Name="_aggregation" Value="0"/>
         <Attr Name="_foreignKey" Value="model.Table1pk"/>
         <Attr Name="_isUpdateable" Value="true"/>
      </DesignTime>
   </AssociationEnd>
<AssociationEnd Cardinality="-1" CascadeDelete="false" CascadeUpdate="false" DeleteContainee="false" ExposedAccessor="true" HasOwner="false" IsEffectiveDated="false" Name="EOB" Owner="model.EOB" Source="false" SuppressEvent="false" UpdateHistoryColumn="false">
      <AttrArray Name="Attributes">
         <Item Value="model.EOB.Col2"/>
      </AttrArray>
      <DesignTime>
         <Attr Name="_finderName" Value="EOB"/>
         <Attr Name="_aggregation" Value="0"/>
         <Attr Name="_foreignKey" Value="model.Table2fk"/>
         <Attr Name="_isUpdateable" Value="true"/>
      </DesignTime>
   </AssociationEnd>
</Association>
