<?xml version="1.0" encoding="UTF-8" standalone="no"?>
<!DOCTYPE AppModule SYSTEM "jbo_03_01.dtd">
<AppModule xmlns="http://xmlns.oracle.com/bc4j" ClearCacheOnCommit="false" ClearCacheOnRollback="true" ComponentClass="model.HelloAMImpl" ComponentInterface="model.HelloAM" DefClass="model.HelloAMDefImpl" InheritPersonalization="merge" IsLibraryPrivate="false" Name="HelloAM" RequeryOnCommit="false" Version="12.1.3.10.47">    <DesignTime>        <Attr Name="_isCodegen" Value="true"/>        <Attr Name="_isDefCodegen" Value="true"/>    </DesignTime> <ResourceBundle>     <PropertiesBundle PropertiesFile="model.ModelBundle"/>    </ResourceBundle>  <Properties>        <SchemaBasedProperties>            <LABEL ResId="model.HelloAM_LABEL"/>        </SchemaBasedProperties>    </Properties> <ViewUsage Hidden="false" Name="EOAView1" ViewObjectName="model.EOAView">
   </ViewUsage>
<ViewUsage Hidden="false" Name="EOBView1" ViewObjectName="model.EOBView">
   </ViewUsage>
<AppModuleUsage FullName="model.HelloSubAM" Hidden="false" Name="HelloSubAM1" SharedScope="0">
   </AppModuleUsage>
</AppModule>
