<?xml version='1.0' encoding='UTF-8' ?>
<!DOCTYPE JboPackage SYSTEM "jbo_03_01.dtd">

<JboPackage
   Name="server"
   SeparateXMLFiles="true"
   PackageName="xxnuc.oracle.apps.inv.hello.schema.server" >
   <DesignTime>
      <Attr Name="_ejbPackage" Value="false" />
      <Attr Name="_version" Value="10.1.3.43.6" />
   </DesignTime>
   <Containee
      Name="AOAB"
      FullName="xxnuc.oracle.apps.inv.hello.schema.server.AOAB"
      ObjectType="Association" >
   </Containee>
   <Containee
      Name="EOA"
      FullName="xxnuc.oracle.apps.inv.hello.schema.server.EOA"
      ObjectType="Entity" >
   </Containee>
   <Containee
      Name="EOAView"
      FullName="xxnuc.oracle.apps.inv.hello.schema.server.EOAView"
      ObjectType="ViewObject" >
   </Containee>
   <Containee
      Name="EOB"
      FullName="xxnuc.oracle.apps.inv.hello.schema.server.EOB"
      ObjectType="Entity" >
   </Containee>
   <Containee
      Name="EOBView"
      FullName="xxnuc.oracle.apps.inv.hello.schema.server.EOBView"
      ObjectType="ViewObject" >
   </Containee>
</JboPackage>
